{
  "format": "SAGE",
  "year": 2026,
  "tournaments": 8,
  "total_matches": 103,
  "total_players": 19,
  "qualified_players": 19,
  "min_tournaments": 1,
  "top_elo": [
    [
      "Saukonen",
      1638.2928334137969
    ],
    [
      "Scarwolf7",
      1632.5771972799396
    ],
    [
      "Corlopincho",
      1530.9092500938764
    ],
    [
      "Yanma Gast",
      1526.2806905783586
    ],
    [
      "machetazoo",
      1519.5131294198943
    ],
    [
      "Omniconside",
      1515.2298601853572
    ],
    [
      "Elmacho1992",
      1501.3686930925358
    ],
    [
      "Sebastian",
      1490.5491191676113
    ],
    [
      "juanda211",
      1487.5566179024847
    ],
    [
      "Feanaro26",
      1487.1136862562503
    ]
  ],
  "player_stats": {
    "Wolfmortem": {
      "matches": 22,
      "wins": 8,
      "losses": 13,
      "ties": 1,
      "win_rate": 0.38095238095238093,
      "tournaments": 6
    },
    "Saukonen": {
      "matches": 25,
      "wins": 19,
      "losses": 6,
      "ties": 0,
      "win_rate": 0.76,
      "tournaments": 7
    },
    "Scarwolf7": {
      "matches": 21,
      "wins": 16,
      "losses": 5,
      "ties": 0,
      "win_rate": 0.7619047619047619,
      "tournaments": 6
    },
    "Aldturi": {
      "matches": 21,
      "wins": 9,
      "losses": 11,
      "ties": 1,
      "win_rate": 0.45,
      "tournaments": 6
    },
    "Corlopincho": {
      "matches": 25,
      "wins": 13,
      "losses": 10,
      "ties": 2,
      "win_rate": 0.5652173913043478,
      "tournaments": 7
    },
    "Alejosky": {
      "matches": 15,
      "wins": 5,
      "losses": 10,
      "ties": 0,
      "win_rate": 0.3333333333333333,
      "tournaments": 4
    },
    "machetazoo": {
      "matches": 15,
      "wins": 8,
      "losses": 7,
      "ties": 0,
      "win_rate": 0.5333333333333333,
      "tournaments": 4
    },
    "Moto2Moto": {
      "matches": 4,
      "wins": 1,
      "losses": 3,
      "ties": 0,
      "win_rate": 0.25,
      "tournaments": 1
    },
    "Yanma Gast": {
      "matches": 4,
      "wins": 3,
      "losses": 1,
      "ties": 0,
      "win_rate": 0.75,
      "tournaments": 1
    },
    "AlejoCartagena": {
      "matches": 3,
      "wins": 1,
      "losses": 2,
      "ties": 0,
      "win_rate": 0.3333333333333333,
      "tournaments": 1
    },
    "Omniconside": {
      "matches": 3,
      "wins": 2,
      "losses": 1,
      "ties": 0,
      "win_rate": 0.6666666666666666,
      "tournaments": 1
    },
    "XChristianx": {
      "matches": 7,
      "wins": 1,
      "losses": 4,
      "ties": 2,
      "win_rate": 0.2,
      "tournaments": 2
    },
    "juanda211": {
      "matches": 3,
      "wins": 1,
      "losses": 2,
      "ties": 0,
      "win_rate": 0.3333333333333333,
      "tournaments": 1
    },
    "Feanaro26": {
      "matches": 14,
      "wins": 6,
      "losses": 8,
      "ties": 0,
      "win_rate": 0.42857142857142855,
      "tournaments": 4
    },
    "SlowPlayer22": {
      "matches": 7,
      "wins": 2,
      "losses": 5,
      "ties": 0,
      "win_rate": 0.2857142857142857,
      "tournaments": 2
    },
    "Elmacho1992": {
      "matches": 4,
      "wins": 2,
      "losses": 2,
      "ties": 0,
      "win_rate": 0.5,
      "tournaments": 1
    },
    "Sebastian": {
      "matches": 7,
      "wins": 2,
      "losses": 3,
      "ties": 2,
      "win_rate": 0.4,
      "tournaments": 2
    },
    "DJAMPUDIA": {
      "matches": 3,
      "wins": 0,
      "losses": 3,
      "ties": 0,
      "win_rate": 0.0,
      "tournaments": 1
    },
    "MetalPrime": {
      "matches": 3,
      "wins": 0,
      "losses": 3,
      "ties": 0,
      "win_rate": 0.0,
      "tournaments": 1
    }
  }
}